POS_NAME,POS_ID,SCALE_P,SCALE_T,IS_LIN_P,IS_LIN_T,X,DATE,Y,Z,
M05445,5445,1,0.2,1,,1,2/2/21,1,,
M03108,3108,1,0.203333333,1,,,2/2/21,,,
M03379,3379,1,0.212,1,,,2/2/21,,,
M03095,3095,1,0.217333333,1,,,2/2/21,,,
M03427,3427,1,0.23,1,,,2/2/21,,,
M03452,3452,1,0.231666667,1,,,2/2/21,,,
M03684,3684,0.58,0.235333333,1,,,2/2/21,,,
M03668,3668,1,0.238,1,,,2/2/21,,,
M05612,5612,1,0.239666667,1,,,2/2/21,,,
M03771,3771,1,0.247333333,1,,,2/2/21,,,
M03151,3151,1,0.250333333,1,,,2/2/21,,,
M05264,5264,1,0.251,1,,,2/2/21,,,
M02384,2384,1,0.254666667,1,,,2/2/21,,,
M03236,3236,1,0.256666667,1,,,2/2/21,,,
M03513,3513,1,0.258,1,,,2/2/21,,,
M03538,3538,1,0.261333333,1,,,2/2/21,,,
M03639,3639,1,0.263333333,1,,,2/2/21,,,
M05398,5398,1,0.266666667,1,,,2/2/21,,,
M02723,2723,1,0.269,1,,,2/2/21,,,
M04499,4499,1,0.27,1,,,2/2/21,,,
M03199,3199,1,0.274333333,1,,,2/2/21,,,
M03786,3786,1,0.275,1,,,2/2/21,,,
M03686,3686,1,0.275333333,1,,,2/2/21,,,
M03250,3250,1,0.276666667,1,,,2/2/21,,,
M05961,5961,1,0.281,1,,,2/2/21,,,
M03256,3256,1,0.282333333,1,,,2/2/21,,,
M03983,3983,0.4,0.283,1,,,2/2/21,,,
M03784,3784,1,0.284666667,1,,,2/2/21,,,
M06874,6874,1,0.289666667,1,,,2/2/21,,,
M03082,3082,1,0.292333333,1,,,2/2/21,,,
M03508,3508,1,0.295,1,,,2/2/21,,,
M04661,4661,1,0.296,1,,,2/2/21,,,
M07695,7695,1,0.296,1,,,2/2/21,,,
M07499,7499,1,0.298,1,,,2/2/21,,,
M03296,3296,1,0.298,1,,,2/2/21,,,
M03469,3469,1,0.298333333,1,,,2/2/21,,,
M06892,6892,1,0.300333333,1,,,2/2/21,,,
M03009,3009,1,0.303333333,1,,,2/2/21,,,
M03191,3191,1,0.305,1,,,2/2/21,,,
M03060,3060,1,0.305666667,1,,,2/2/21,,,
M04161,4161,1,0.306,1,,,2/2/21,,,
M03587,3587,1,0.308666667,1,,,2/2/21,,,
M03568,3568,1,0.309,1,,,2/2/21,,,
M03322,3322,1,0.312333333,1,,,2/2/21,,,
M03086,3086,1,0.315,1,,,2/2/21,,,
M06612,6612,1,0.318333333,1,,,2/2/21,,,
M05361,5361,1,0.322,1,,,2/2/21,,,
M03446,3446,1,0.323333333,1,,,2/2/21,,,
M02712,2712,1,0.326,1,,,2/2/21,,,
M02733,2733,1,0.326666667,1,,,2/2/21,,,
M03510,3510,1,0.330333333,1,,,2/2/21,,,
M07498,7498,1,0.331666667,1,,,2/2/21,,,
M02789,2789,1,0.332333333,1,,,2/2/21,,,
M03061,3061,1,0.333333333,1,,,2/2/21,,,
M03567,3567,1,0.333666667,1,,,2/2/21,,,
M04451,4451,1,0.334,1,,,2/2/21,,,
M03770,3770,1,0.340333333,1,,,2/2/21,,,
M07223,7223,1,0.343333333,1,,,2/2/21,,,
M03349,3349,1,0.344666667,1,,,2/2/21,,,
M03186,3186,1,0.345666667,1,,,2/2/21,,,
M03330,3330,1,0.346666667,1,,,2/2/21,,,
M05530,5530,1,0.350666667,1,,,2/2/21,,,
M03104,3104,1,0.351666667,1,,,2/2/21,,,
M03137,3137,1,0.359,1,,,2/2/21,,,
M03026,3026,1,0.364666667,1,,,2/2/21,,,
M03733,3733,0.44,0.367,1,,,2/2/21,,,
M03067,3067,1,0.367666667,1,,,2/2/21,,,
M06410,6410,1,0.368333333,1,,,2/2/21,,,
M03268,3268,1,0.371,1,,,2/2/21,,,
M03478,3478,1,0.371,1,,,2/2/21,,,
M03873,3873,1,0.373666667,1,,,2/2/21,,,
M05471,5471,1,0.374666667,1,,,2/2/21,,,
M07651,7651,1,0.376,1,,,2/2/21,,,
M04595,4595,1,0.377,1,,,2/2/21,,,
M03356,3356,1,0.377,1,,,2/2/21,,,
M03024,3024,1,0.377,1,,,2/2/21,,,
M04199,4199,0.77,0.379,1,,,2/2/21,,,
M03871,3871,1,0.382333333,1,,,2/2/21,,,
M03659,3659,1,0.383,1,,,2/2/21,,,
M07863,7863,1,0.384,1,,,2/2/21,,,
M07271,7271,1,0.386,1,,,2/2/21,,,
M03778,3778,1,0.388,1,,,2/2/21,,,
M03020,3020,1,0.390666667,1,,,2/2/21,,,
M06861,6861,1,0.393,1,,,2/2/21,,,
M04507,4507,1,0.395,1,,,2/2/21,,,
M07862,7862,1,0.395333333,1,,,2/2/21,,,
M02763,2763,1,0.396,1,,,2/2/21,,,
M03703,3703,1,0.398,1,,,2/2/21,,,
M07747,7747,1,0.401333333,1,,,2/2/21,,,
M03624,3624,1,0.407333333,1,,,2/2/21,,,
M03133,3133,1,0.407666667,1,,,2/2/21,,,
M06723,6723,1,0.409,1,,,2/2/21,,,
M03327,3327,1,0.416333333,1,,,2/2/21,,,
M02734,2734,1,0.418333333,1,,,2/2/21,,,
M03816,3816,0.412,0.419666667,1,,,2/2/21,,,
M06931,6931,1,0.423,1,,,2/2/21,,,
M03390,3390,1,0.424333333,1,,,2/2/21,,,
M06848,6848,1,0.424666667,1,,,2/2/21,,,
M03219,3219,1,0.424666667,1,,,2/2/21,,,
M03037,3037,1,0.427333333,1,,,2/2/21,,,
M03408,3408,1,0.429666667,1,,,2/2/21,,,
M03319,3319,1,0.430333333,1,,,2/2/21,,,
M07591,7591,1,0.436333333,1,,,2/2/21,,,
M06818,6818,1,0.439333333,1,,,2/2/21,,,
M02747,2747,1,0.44,1,,,2/2/21,,,
M03118,3118,1,0.443666667,1,,,2/2/21,,,
M03555,3555,1,0.447333333,1,,,2/2/21,,,
M04085,4085,1,0.447666667,1,,,2/2/21,,,
M05836,5836,1,0.448666667,1,,,2/2/21,,,
M04515,4515,1,0.453333333,1,,,2/2/21,,,
M03008,3008,1,0.459,1,,,2/2/21,,,
M03126,3126,1,0.460333333,1,,,2/2/21,,,
M03409,3409,1,0.462333333,1,,,2/2/21,,,
M03589,3589,1,0.466333333,1,,,2/2/21,,,
M05952,5952,1,0.466666667,1,,,2/2/21,,,
M03099,3099,1,0.467333333,1,,,2/2/21,,,
M04635,4635,1,0.469666667,1,,,2/2/21,,,
M03392,3392,1,0.470666667,1,,,2/2/21,,,
M04834,4834,1,0.472,1,,,2/2/21,,,
M06964,6964,1,0.472666667,1,,,2/2/21,,,
M05203,5203,1,0.472666667,1,,,2/2/21,,,
M04775,4775,1,0.475,1,,,2/2/21,,,
M03293,3293,1,0.475666667,1,,,2/2/21,,,
M05703,5703,1,0.480333333,1,,,2/2/21,,,
M03336,3336,1,0.481,1,,,2/2/21,,,
M03581,3581,1,0.486666667,1,,,2/2/21,,,
M04493,4493,1,0.491,1,,,2/2/21,,,
M03455,3455,0.315,0.496666667,1,,,2/2/21,,,
M03003,3003,1,0.507333333,1,,,2/2/21,,,
M04843,4843,1,0.508,1,,,2/2/21,,,
M03572,3572,1,0.514666667,1,,,2/2/21,,,
M01133,1133,1,0.514666667,1,,,2/2/21,,,
M05928,5928,1,0.518666667,1,,,2/2/21,,,
M04547,4547,1,0.52,1,,,2/2/21,,,
M03558,3558,1,0.520333333,1,,,2/2/21,,,
M03653,3653,0.38,0.528333333,1,,,2/2/21,,,
M07251,7251,1,0.528333333,1,,,2/2/21,,,
M03285,3285,1,0.528666667,1,,,2/2/21,,,
M03476,3476,1,0.532333333,1,,,2/2/21,,,
M03556,3556,1,0.533666667,1,,,2/2/21,,,
M04519,4519,1,0.535,1,,,2/2/21,,,
M03092,3092,1,0.538333333,1,,,2/2/21,,,
M07550,7550,1,0.549333333,1,,,2/2/21,,,
M03075,3075,1,0.552333333,1,,,2/2/21,,,
M03630,3630,1,0.557,1,,,2/2/21,,,
M02719,2719,1,0.560666667,1,,,2/2/21,,,
M03676,3676,0.49,0.561333333,1,,,2/2/21,,,
M03146,3146,1,0.563666667,1,,,2/2/21,,,
M03655,3655,1,0.571666667,1,,,2/2/21,,,
M03519,3519,1,0.574,1,,,2/2/21,,,
M01497,1497,1,0.596666667,1,,,2/2/21,,,
M03253,3253,1,0.598333333,1,,,2/2/21,,,
M08015,8015,1,0.599666667,1,,,2/2/21,,,
M03254,3254,1,0.599666667,1,,,2/2/21,,,
M03315,3315,1,0.6,1,,,2/2/21,,,
M06757,6757,1,0.627333333,1,,,2/2/21,,,
M03122,3122,1,0.659,1,,,2/2/21,,,
M07073,7073,1,0.675,1,,,2/2/21,,,
M03570,3570,1,0.681333333,1,,,2/2/21,,,
M03712,3712,1,0.682666667,1,,,2/2/21,,,
M02720,2720,1,0.694333333,1,,,2/2/21,,,
M05066,5066,1,0.700333333,1,,,2/2/21,,,
M03230,3230,1,0.704333333,1,,,2/2/21,,,
M03874,3874,1,0.718,1,,,2/2/21,,,
M07364,7364,1,0.725333333,1,,,2/2/21,,,
M03583,3583,0.32,0.728,1,,,2/2/21,,,
M03981,3981,0.57,0.736333333,1,,,2/2/21,,,
M04606,4606,1,0.738666667,1,,,2/2/21,,,
M04882,4882,1,0.748333333,1,,,2/2/21,,,
M03084,3084,1,0.769333333,1,,,2/2/21,,,
M03564,3564,1,0.776666667,1,,,2/2/21,,,
M06986,6986,1,0.777333333,1,,,2/2/21,,,
M02725,2725,1,0.790333333,1,,,2/2/21,,,
M03112,3112,1,0.795,1,,,2/2/21,,,
M03528,3528,1,0.821666667,1,,,2/2/21,,,
M03334,3334,1,0.831333333,1,,,2/2/21,,,
M07525,7525,1,0.832666667,1,,,2/2/21,,,
M07623,7623,1,0.845,1,,,2/2/21,,,
M02767,2767,1,0.852333333,1,,,2/2/21,,,
M03688,3688,1,0.853333333,1,,,2/2/21,,,
M04641,4641,1,0.866666667,1,,,2/2/21,,,
M03651,3651,1,0.872666667,1,,,2/2/21,,,
M07924,7924,1,0.875,1,,,2/2/21,,,
M04497,4497,1,0.881,1,,,2/2/21,,,
M06891,6891,1,0.886,1,,,2/2/21,,,
M03281,3281,1,0.888666667,1,,,2/2/21,,,
M03119,3119,1,0.897,1,,,2/2/21,,,
M03975,3975,0.2,1,1,,,2/2/21,,,
M03675,3675,0.2,1,1,,,2/2/21,,,
M03443,3443,0.222,1,1,,,2/2/21,,,
M01632,1632,0.235,1,1,,,2/2/21,,,
M03444,3444,0.236,1,1,,,2/2/21,,,
M01778,1778,0.25,1,1,,,2/2/21,,,
M03090,3090,0.255,1,1,,,2/2/21,,,
M04389,4389,0.257,1,1,,,2/2/21,,,
M04012,4012,0.26,1,1,,,2/2/21,,,
M05132,5132,0.26,1,1,,,2/2/21,,,
M07715,7715,0.266,1,1,,,2/2/21,,,
M03945,3945,0.27,1,1,,,2/2/21,,,
M04205,4205,0.272,1,1,,,2/2/21,,,
M03588,3588,0.272,1,1,,,2/2/21,,,
M03987,3987,0.279,1,1,,,2/2/21,,,
M05363,5363,0.283,1,1,,,2/2/21,,,
M04416,4416,0.284,1,1,,,2/2/21,,,
M02430,2430,0.286,1,1,,,2/2/21,,,
M02481,2481,0.29,1,1,,,2/2/21,,,
M01896,1896,0.293,1,1,,,2/2/21,,,
M04213,4213,0.297,1,1,,,2/2/21,,,
M04197,4197,0.299,1,1,,,2/2/21,,,
M05048,5048,0.3,1,1,,,2/2/21,,,
M03820,3820,0.304,1,1,,,2/2/21,,,
M01289,1289,0.305,1,1,,,2/2/21,,,
M02369,2369,0.31,1,1,,,2/2/21,,,
M03461,3461,0.322,1,1,,,2/2/21,,,
M04318,4318,0.327,1,1,,,2/2/21,,,
M01953,1953,0.327,1,1,,,2/2/21,,,
M03906,3906,0.33,1,1,,,2/2/21,,,
M05029,5029,0.332,1,1,,,2/2/21,,,
M03645,3645,0.339,1,1,,,2/2/21,,,
M03721,3721,0.34,1,1,,,2/2/21,,,
M03735,3735,0.34,1,1,,,2/2/21,,,
M03601,3601,0.34,1,1,,,2/2/21,,,
M05268,5268,0.341,1,1,,,2/2/21,,,
M07081,7081,0.345,1,1,,,2/2/21,,,
M03696,3696,0.346,1,1,,,2/2/21,,,
M02361,2361,0.35,1,1,,,2/2/21,,,
M05107,5107,0.35,1,1,,,2/2/21,,,
M03614,3614,0.353,1,1,,,2/2/21,,,
M02449,2449,0.354,1,1,,,2/2/21,,,
M05178,5178,0.358,1,1,,,2/2/21,,,
M02947,2947,0.36,1,1,,,2/2/21,,,
M02254,2254,0.363,1,1,,,2/2/21,,,
M04062,4062,0.37,1,1,,,2/2/21,,,
M05376,5376,0.37,1,1,,,2/2/21,,,
M05262,5262,0.379,1,1,,,2/2/21,,,
M04982,4982,0.38,1,1,,,2/2/21,,,
M04718,4718,0.38,1,1,,,2/2/21,,,
M03941,3941,0.38,1,1,,,2/2/21,,,
M05218,5218,0.382,1,1,,,2/2/21,,,
M05888,5888,0.385,1,1,,,2/2/21,,,
M07119,7119,0.385,1,1,,,2/2/21,,,
M03607,3607,0.385,1,1,,,2/2/21,,,
M04080,4080,0.386,1,1,,,2/2/21,,,
M03701,3701,0.39,1,1,,,2/2/21,,,
M03584,3584,0.39,1,1,,,2/2/21,,,
M03917,3917,0.391,1,1,,,2/2/21,,,
M04044,4044,0.396,1,1,,,2/2/21,,,
M04363,4363,0.397,1,1,,,2/2/21,,,
M02525,2525,0.404,1,1,,,2/2/21,,,
M04031,4031,0.405,1,1,,,2/2/21,,,
M07085,7085,0.41,1,1,,,2/2/21,,,
M05509,5509,0.41,1,1,,,2/2/21,,,
M04191,4191,0.414,1,1,,,2/2/21,,,
M02174,2174,0.415,1,1,,,2/2/21,,,
M04376,4376,0.415,1,1,,,2/2/21,,,
M04330,4330,0.418,1,1,,,2/2/21,,,
M04995,4995,0.427,1,1,,,2/2/21,,,
M04418,4418,0.43,1,1,,,2/2/21,,,
M03709,3709,0.43,1,1,,,2/2/21,,,
M02453,2453,0.43,1,1,,,2/2/21,,,
M07656,7656,0.43,1,1,,,2/2/21,,,
M03520,3520,0.432,1,1,,,2/2/21,,,
M04422,4422,0.433,1,1,,,2/2/21,,,
M02440,2440,0.433,1,1,,,2/2/21,,,
M04343,4343,0.438,1,1,,,2/2/21,,,
M04052,4052,0.439,1,1,,,2/2/21,,,
M04086,4086,0.44,1,1,,,2/2/21,,,
M05362,5362,0.44,1,1,,,2/2/21,,,
M03622,3622,0.443,1,1,,,2/2/21,,,
M03633,3633,0.444,1,1,,,2/2/21,,,
M04379,4379,0.447,1,1,,,2/2/21,,,
M04981,4981,0.447,1,1,,,2/2/21,,,
M03922,3922,0.45,1,1,,,2/2/21,,,
M03187,3187,0.45,1,1,,,2/2/21,,,
M02262,2262,0.45,1,1,,,2/2/21,,,
M05499,5499,0.457,1,1,,,2/2/21,,,
M03650,3650,0.458,1,1,,,2/2/21,,,
M07237,7237,0.46,1,1,,,2/2/21,,,
M05062,5062,0.46,1,1,,,2/2/21,,,
M04307,4307,0.46,1,1,,,2/2/21,,,
M07698,7698,0.46,1,1,,,2/2/21,,,
M07229,7229,0.46,1,1,,,2/2/21,,,
M07126,7126,0.46,1,1,,,2/2/21,,,
M03940,3940,0.46,1,1,,,2/2/21,,,
M05453,5453,0.462,1,1,,,2/2/21,,,
M03963,3963,0.466,1,1,,,2/2/21,,,
M05977,5977,0.466,1,1,,,2/2/21,,,
M03649,3649,0.468,1,1,,,2/2/21,,,
M01875,1875,0.469,1,1,,,2/2/21,,,
M03848,3848,0.47,1,1,,,2/2/21,,,
M03912,3912,0.47,1,1,,,2/2/21,,,
M03809,3809,0.47,1,1,,,2/2/21,,,
M05000,5000,0.471,1,1,,,2/2/21,,,
M05074,5074,0.471,1,1,,,2/2/21,,,
M02500,2500,0.478,1,1,,,2/2/21,,,
M03792,3792,0.48,1,1,,,2/2/21,,,
M07653,7653,0.48,1,1,,,2/2/21,,,
M03950,3950,0.48,1,1,,,2/2/21,,,
M05862,5862,0.482,1,1,,,2/2/21,,,
M04178,4178,0.486,1,1,,,2/2/21,,,
M01405,1405,0.49,1,1,,,2/2/21,,,
M03648,3648,0.49,1,1,,,2/2/21,,,
M04337,4337,0.498,1,1,,,2/2/21,,,
M03954,3954,0.499,1,1,,,2/2/21,,,
M03729,3729,0.5,1,1,,,2/2/21,,,
M07383,7383,0.5,1,1,,,2/2/21,,,
M04310,4310,0.5,1,1,,,2/2/21,,,
M05508,5508,0.5,1,1,,,2/2/21,,,
M03913,3913,0.5,1,1,,,2/2/21,,,
M03432,3432,0.51,1,1,,,2/2/21,,,
M04058,4058,0.512,1,1,,,2/2/21,,,
M03638,3638,0.515,1,1,,,2/2/21,,,
M04999,4999,0.52,1,1,,,2/2/21,,,
M07225,7225,0.52,1,1,,,2/2/21,,,
M03794,3794,0.52,1,1,,,2/2/21,,,
M05114,5114,0.52,1,1,,,2/2/21,,,
M04253,4253,0.52,1,1,,,2/2/21,,,
M01834,1834,0.52,1,1,,,2/2/21,,,
M02328,2328,0.522,1,1,,,2/2/21,,,
M03889,3889,0.525,1,1,,,2/2/21,,,
M03995,3995,0.53,1,1,,,2/2/21,,,
M01468,1468,0.53,1,1,,,2/2/21,,,
M04270,4270,0.53,1,1,,,2/2/21,,,
M06460,6460,0.53,1,1,,,2/2/21,,,
M03503,3503,0.53,1,1,,,2/2/21,,,
M02164,2164,0.531,1,1,,,2/2/21,,,
M03998,3998,0.54,1,1,,,2/2/21,,,
M02518,2518,0.54,1,1,,,2/2/21,,,
M02472,2472,0.54,1,1,,,2/2/21,,,
M04179,4179,0.54,1,1,,,2/2/21,,,
M04396,4396,0.54,1,1,,,2/2/21,,,
M05684,5684,0.54,1,1,,,2/2/21,,,
M06167,6167,0.55,1,1,,,2/2/21,,,
M04271,4271,0.55,1,1,,,2/2/21,,,
M03978,3978,0.55,1,1,,,2/2/21,,,
M04060,4060,0.55,1,1,,,2/2/21,,,
M05461,5461,0.55,1,1,,,2/2/21,,,
M02488,2488,0.55,1,1,,,2/2/21,,,
M07263,7263,0.55,1,1,,,2/2/21,,,
M06812,6812,0.55,1,1,,,2/2/21,,,
M03464,3464,0.55,1,1,,,2/2/21,,,
M03777,3777,0.558,1,1,,,2/2/21,,,
M03734,3734,0.56,1,1,,,2/2/21,,,
M05089,5089,0.56,1,1,,,2/2/21,,,
M02358,2358,0.56,1,1,,,2/2/21,,,
M04361,4361,0.56,1,1,,,2/2/21,,,
M01677,1677,0.56,1,1,,,2/2/21,,,
M03925,3925,0.57,1,1,,,2/2/21,,,
M04001,4001,0.57,1,1,,,2/2/21,,,
M03672,3672,0.57,1,1,,,2/2/21,,,
M03962,3962,0.57,1,1,,,2/2/21,,,
M01709,1709,0.57,1,1,,,2/2/21,,,
M07595,7595,0.57,1,1,,,2/2/21,,,
M03654,3654,0.58,1,1,,,2/2/21,,,
M04201,4201,1,1,1,,,2/2/21,,,
M07071,7071,0.59,1,1,,,2/2/21,,,
M07182,7182,0.59,1,1,,,2/2/21,,,
M05052,5052,0.59,1,1,,,2/2/21,,,
M03935,3935,0.59,1,1,,,2/2/21,,,
M02323,2323,0.6,1,1,,,2/2/21,,,
M04401,4401,0.6,1,1,,,2/2/21,,,
M03986,3986,0.6,1,1,,,2/2/21,,,
M03605,3605,0.6,1,1,,,2/2/21,,,
M06137,6137,0.62,1,1,,,2/2/21,,,
M03798,3798,0.62,1,1,,,2/2/21,,,
M03574,3574,0.62,1,1,,,2/2/21,,,
M03642,3642,0.62,1,1,,,2/2/21,,,
M03609,3609,0.62,1,1,,,2/2/21,,,
M05078,5078,0.63,1,1,,,2/2/21,,,
M07480,7480,0.63,1,1,,,2/2/21,,,
M04366,4366,0.64,1,1,,,2/2/21,,,
M00436,436,0.64,1,1,,,2/2/21,,,
M03656,3656,0.64,1,1,,,2/2/21,,,
M02482,2482,0.64,1,1,,,2/2/21,,,
M02499,2499,0.64,1,1,,,2/2/21,,,
M03456,3456,0.64,1,1,,,2/2/21,,,
M04373,4373,0.65,1,1,,,2/2/21,,,
M04024,4024,0.65,1,1,,,2/2/21,,,
M02889,2889,0.66,1,1,,,2/2/21,,,
M04262,4262,0.66,1,1,,,2/2/21,,,
M04319,4319,0.66,1,1,,,2/2/21,,,
M03618,3618,0.66,1,1,,,2/2/21,,,
M04078,4078,0.662,1,1,,,2/2/21,,,
M04182,4182,0.67,1,1,,,2/2/21,,,
M03515,3515,0.67,1,1,,,2/2/21,,,
M03918,3918,0.67,1,1,,,2/2/21,,,
M06683,6683,0.68,1,1,,,2/2/21,,,
M01282,1282,0.68,1,1,,,2/2/21,,,
M05086,5086,0.68,1,1,,,2/2/21,,,
M03680,3680,0.68,1,1,,,2/2/21,,,
M07342,7342,0.69,1,1,,,2/2/21,,,
M04050,4050,0.69,1,1,,,2/2/21,,,
M03545,3545,0.69,1,1,,,2/2/21,,,
M07338,7338,0.7,1,1,,,2/2/21,,,
M01976,1976,0.7,1,1,,,2/2/21,,,
M06748,6748,0.7,1,1,,,2/2/21,,,
M04984,4984,0.72,1,1,,,2/2/21,,,
M07274,7274,0.72,1,1,,,2/2/21,,,
M05506,5506,0.72,1,1,,,2/2/21,,,
M04383,4383,0.73,1,1,,,2/2/21,,,
M06933,6933,0.73,1,1,,,2/2/21,,,
M01764,1764,0.73,1,1,,,2/2/21,,,
M05096,5096,0.73,1,1,,,2/2/21,,,
M07180,7180,0.73,1,1,,,2/2/21,,,
M04066,4066,0.75,1,1,,,2/2/21,,,
M05112,5112,0.75,1,1,,,2/2/21,,,
M04309,4309,0.751,1,1,,,2/2/21,,,
M04055,4055,0.751,1,1,,,2/2/21,,,
M02248,2248,0.76,1,1,,,2/2/21,,,
M02469,2469,0.76,1,1,,,2/2/21,,,
M01916,1916,0.77,1,1,,,2/2/21,,,
M01946,1946,0.77,1,1,,,2/2/21,,,
M07494,7494,0.77,1,1,,,2/2/21,,,
M03172,3172,0.78,1,1,,,2/2/21,,,
M02190,2190,0.78,1,1,,,2/2/21,,,
M03915,3915,0.8,1,1,,,2/2/21,,,
M02367,2367,0.8,1,1,,,2/2/21,,,
M04306,4306,0.81,1,1,,,2/2/21,,,
M05090,5090,0.81,1,1,,,2/2/21,,,
M03661,3661,0.818,1,1,,,2/2/21,,,
M04084,4084,0.82,1,1,,,2/2/21,,,
M03989,3989,0.82,1,1,,,2/2/21,,,
M04174,4174,0.83,1,1,,,2/2/21,,,
M02505,2505,0.83,1,1,,,2/2/21,,,
M04329,4329,0.84,1,1,,,2/2/21,,,
M02493,2493,0.86,1,1,,,2/2/21,,,
M07579,7579,0.86,1,1,,,2/2/21,,,
M03824,3824,0.86,1,1,,,2/2/21,,,
M04356,4356,0.87,1,1,,,2/2/21,,,
M05042,5042,0.88,1,1,,,2/2/21,,,
M07125,7125,0.89,1,1,,,2/2/21,,,
M03168,3168,0.9,1,1,,,2/2/21,,,
M06898,6898,1,1,1,,,2/2/21,,,
M01482,1482,0.2,,1,,,2/2/21,,,
M01749,1749,0.2,,1,,,2/2/21,,,
M01686,1686,0.2,,1,,,2/2/21,,,
M01725,1725,0.2,,1,,,2/2/21,,,
M01722,1722,0.2,,1,,,2/2/21,,,
M04235,4235,0.2,,1,,,2/2/21,,,
M01491,1491,0.2,,1,,,2/2/21,,,
M01758,1758,0.2,,1,,,2/2/21,,,
M01759,1759,0.2,,1,,,2/2/21,,,
M01865,1865,0.2,,1,,,2/2/21,,,
M03979,3979,0.2,,1,,,2/2/21,,,
M02258,2258,0.21,,1,,,2/2/21,,,
M04619,4619,0.382,,1,,,2/2/21,,,
M08337,8337,0.41,,1,,,2/2/21,,,
M01929,1929,0.425,,1,,,2/2/21,,,
M01080,1080,0.477,,1,,,2/2/21,,,
M01831,1831,0.49,,1,,,2/2/21,,,
M08230,8230,0.54,,1,,,2/2/21,,,
M01102,1102,0.56,,1,,,2/2/21,,,
M06663,6663,0.598,,1,,,2/2/21,,,
M01276,1276,0.6,,1,,,2/2/21,,,
M08217,8217,0.62,,1,,,2/2/21,,,
M05743,5743,0.63,,1,,,2/2/21,,,
M01861,1861,0.71,,1,,,2/2/21,,,
M01376,1376,0.79,,1,,,2/2/21,,,
M06685,6685,0.85,,1,,459,2/2/21,,459,
M03996,3996,0.555,,,,460,2/9/21,75096,460,
M07371,7371,0.555,,,,461,2/24/21,77777,462.1428571,
M02718,2718,,0.555,,,462,4/3/21,83168,467.5714286,
M06898,6898,0.555,,,,463,4/4/21,83267,467.7142857,
M03527,3527,0.555,,,,464,4/15/21,84808,469.2857143,
M04915,4915,0.555,,,,465,5/11/21,,473,
M03501,3501,,0.555,,,466,5/11/21,87932,473,
M04377,4377,0.4,,,,467,5/15/21,88369,473.5714286,
M03292,3292,,0.555,,,468,5/15/21,88369,473.5714286,
M03232,3232,,0.555,,,469,5/16/21,88534,473.7142857,
M05353,5353,,0.57,,,470,5/19/21,,474.1428571,
M05353,5353,,0.555,,,471,5/19/21,89147,474.1428571,
M07603,7603,0.555,,,,472,6/1/21,90522,476,
M03719,3719,,0.58,,,473,6/9/21,92369,477.1428571,
M05273,5273,0.52,,,,474,6/13/21,93391,477.7142857,
M07547,7547,,0.6,,,475,6/14/21,93592,477.8571429,
M06813,6813,,0.5,,,476,6/27/21,95546,479.7142857,
M07934,7934,,0.5,,,477,6/27/21,95546,479.7142857,
M05681,5681,,0.5,,,478,6/20/21,,478.7142857,
M05671,5671,0.5,,,,479,7/5/21,97433,480.8571429,
M05078,5078,0.5,,,,480,7/8/21,,481.2857143,
M07073,7073,,0.5,,,481,7/9/21,,481.4285714,
M02567,2567,,0.5,,,482,9/16/21,,491.2857143,
M05556,5556,,0.5,,,483,9/16/21,,491.2857143,
M05570,5570,,0.5,,,484,9/16/21,,491.2857143,
M07843,7843,,0.5,,,485,9/16/21,,491.2857143,
M01364,1364,0.5,,,,486,9/16/21,,491.2857143,
M01616,1616,0.5,,,,487,9/16/21,,491.2857143,
M02240,2240,0.5,,,,488,9/16/21,,491.2857143,
M03711,3711,0.5,,,,489,9/16/21,,491.2857143,
M03818,3818,0.5,,,,490,9/16/21,,491.2857143,
M05030,5030,0.5,,,,491,9/16/21,,491.2857143,
M05055,5055,0.5,,,,492,9/16/21,,491.2857143,
M06948,6948,0.5,,,,493,9/16/21,,491.2857143,
M03929,3929,0.5,,,,494,9/20/21,,491.8571429,
M06714,6714,,0.5,,,495,9/20/21,,491.8571429,
M02055,2055,,0.5,,,496,9/22/21,,492.1428571,
M06290,6290,0.5,,,,497,9/22/21,101179,492.1428571,
M04378,4378,0.5,,,,498,9/27/21,101543,492.8571429,
M07403,7403,,0.5,,,499,10/11/21,,494.8571429,
M00703,703,,0.5,,,500,10/17/21,,495.7142857,
M05886,5886,0.5,,,,501,11/2/21,106986,498,
M06875,6875,0.5,,,,502,11/14/21,,499.7142857,
M03694,3694,,0.5,,,503,11/17/21,,500.1428571,
M07442,7442,,0.5,,,504,11/18/21,,500.2857143,
M05034,5034,0.5,,,,505,11/26/21,,501.4285714,
M03641,3641,,0.5,,,506,11/26/21,,501.4285714,
M04195,4195,0.5,,,,507,12/11/21,,503.5714286,
M05517,5517,0.5,,,,508,12/11/21,,503.5714286,
M02196,2196,0.5,,,,509,1/2/22,,506.7142857,
M02452,2452,0.5,,,,510,1/21/22,,509.4285714,
M05420,5420,0.5,,,,511,1/25/22,,510,
M05967,5967,,0.5,,,512,2/10/22,,512.2857143,
M04331,4331,0.5,,,,513,2/11/22,,512.4285714,
M05138,5138,,0.5,,,514,2/26/22,,514.5714286,
M03742,3742,0.5,,,,515,3/1/22,,515,
M02273,2273,,0.5,,,516,3/10/22,,516.2857143,
M04610,4610,,0.5,,,517,3/16/22,,517.1428571,
M03624,3624,,0.5,,,518,3/22/22,,518,
M05809,5809,,0.5,,,519,3/28/22,,518.8571429,
M07332,7332,,0.5,,,520,4/27/22,,523.1428571,
M01716,1716,0.5,,,,521,5/5/22,,524.2857143,
M02437,2437,0.5,,,,522,5/5/22,,524.2857143,
M02284,2284,,0.5,,,523,5/9/22,,524.8571429,
M07460,7460,,0.5,,,524,5/9/22,,524.8571429,
M04749,4749,,0.5,,,525,5/9/22,,524.8571429,
M05409,5409,0.5,,,,526,5/10/22,,525,
M07955,7955,,0.5,,,527,5/11/22,,525.1428571,
M06910,6910,0.5,,,,528,5/17/22,,526,
M04397,4397,0.5,,,,529,6/5/22,,528.7142857,
M04015,4015,,0.5,,,530,6/7/22,,529,
M05466,5466,,0.5,,,531,6/10/22,,529.4285714,
M02487,2487,0.5,,,,532,9/2/22,,541.4285714,
M04207,4207,0.5,,,,533,9/2/22,,541.4285714,
M05805,5805,0.5,,,,534,9/2/22,,541.4285714,
M02752,2752,,0.5,,,535,9/2/22,,541.4285714,
M03218,3218,,0.5,,,536,9/2/22,,541.4285714,
M03429,3429,,0.5,,,537,9/2/22,,541.4285714,
M07724,7724,,0.5,,,538,9/2/22,,541.4285714,
M08143,8143,,0.5,,,539,9/2/22,,541.4285714,
M03129,3129,,0.5,,,540,9/11/22,141646,542.7142857,
M06768,6768,0.5,,,,541,9/11/22,141586,542.7142857,
M03016,3016,,0.5,,,542,9/16/22,,543.4285714,
M03160,3160,0.5,,,,543,9/17/22,,543.5714286,
M04074,4074,0.5,,,,544,9/17/22,,543.5714286,
M04181,4181,0.5,,,,545,9/17/22,,543.5714286,
M03377,3377,,0.5,,,546,9/17/22,,543.5714286,
M02331,2331,0.5,,,,547,9/18/22,,543.7142857,
M07507,7507,,0.5,,,548,9/18/22,,543.7142857,
M02822,2822,0.5,,,,549,9/19/22,,543.8571429,
M03532,3532,,0.5,,,550,9/23/22,,544.4285714,
M07367,7367,,,,,551,10/18/22,,548,
M07741,7741,,,,,552,10/21/22,,548.4285714,
M04177,4177,,,,,553,10/25/22,,549,
M02250,2250,,,,,554,10/26/22,,549.1428571,
M03226,3226,,,,,555,10/27/22,,549.2857143,
M06826,6826,0.5,,,,556,11/17/22,phi starting 153720.,552.2857143,
M06811,6811,,0.5,,,557,11/20/22,theta from start of night.,552.7142857,
M03109,3109,0.5,,,,558,11/28/22,phi from start of night.,553.8571429,
M04989,4989,0.5,,,,559,11/30/22,"phi developing late in the night,",554.1428571,
M05495,5495,,0.5,,,560,1/10/23,"theta, tracked for several nights",560,1
M08319,8319,0.5,,,,561,1/20/23,phi consistently after initiation,561.4285714,2
M04990,4990,0.5,,,,562,3/4/23,phi starting 169617,567.5714286,3
M03401,3401,,0.5,,,563,3/30/23,theta exhibited consistently over,571.2857143,4
M04977,4977,0.5,,,,564,4/6/23,phi exhibited consistently.,572.2857143,5
M03884,3384,0.5,,,,565,4/19/23,,574.1428571,6
M03346,3346,,0.5,,,566,4/19/23,,574.1428571,7
M03884,3884,0.5,,,,567,4/18/23,,574,8
M03287,3287,,0.5,,,568,4/20/23,,574.2857143,9
M07610,7610,0.5,0,,,569,4/30/23,,575.7142857,10
M07599,7599,,0.5,,,570,5/23/23,,579,11
M03141,3141,,0.5,,,571,5/28/23,,579.7142857,12
M07502,7502,,0.5,,,572,5/30/23,,580,13
M05496,5496,0.5,,,,573,6/7/23,,581.1428571,14
M04155,5411,0.5,,,,574,6/16/23,,582.4285714,15
M05423,5423,0.5,,,,575,6/19/23,,582.8571429,16
M03858,3858,,0.5,,,576,8/5/23,,589.5714286,17
M04065,4065,,0.5,,,577,8/5/23,,589.5714286,18
M04568,4568,,0.5,,,578,8/5/23,,589.5714286,19
M04625,4625,0.5,,,,579,8/5/23,,589.5714286,20
M05328,5328,,0.5,,,580,8/5/23,,589.5714286,21
M05492,5492,0.5,,,,581,8/5/23,,589.5714286,22
M05053,5053,0.5,,,,582,8/13/23,,590.7142857,23
M03610,3610,,0.5,,,583,8/23/23,,592.1428571,24
M01020,1020,,0.5,,,584,9/4/23,,593.8571429,25
M05007,5007,0.5,,,,585,8/13/23,,590.7142857,26
M05365,5365,0.5,,,,586,9/14/23,,595.2857143,27
M07737,7737,,0.5,,,587,10/9/23,,598.8571429,28
M02886,2886,0.5,,,,588,10/16/23,,599.8571429,29
M03932,3932,0.5,,,,589,12/4/23,,600.8571429,29
M07365,7365,0.5,,,,590,12/31/23,,600.8571429,29
M03719,3719,,0.5,,,591,1/17/24,,600.8571429,29
M03721,3721,0.5,,,,592,1/19/24,,600.8571429,29